{
    "Entities": [
        {
            "clientOnly": 0,
            "collidesWith": "static,dynamic,kinematic,otherAvatar,",
            "collisionMask": 23,
            "compoundShapeURL": "https://virtualrealityrental.eu/hifi/whiteboard/models/whiteBoard_collider.obj",
            "created": "2018-02-12T16:21:13Z",
            "dimensions": {
                "x": 3.2,
                "y": 2.3,
                "z": 0.6126075983047485
            },
            "gravity": {
                "x": 0,
                "y": -9.800000190734863,
                "z": 0
            },
            "id": "{f39c0d57-847f-4311-b52f-61c6d7c8af91}",
            "lastEdited": 1518453529299626,
            "lastEditedBy": "{402bed0e-b516-4889-b444-056e3d4cb813}",
            "marketplaceID": "b40db216-ac1e-48bf-b6a5-09973c527987",
            "modelURL": "https://virtualrealityrental.eu/hifi/whiteboard/models/wbFrameNew_framed.fbx",
            "name": "Whiteboard",
            "owningAvatarID": "{00000000-0000-0000-0000-000000000000}",
            "queryAACube": {
                "scale": 5.029504776000977,
                "x": -2.5794758796691895,
                "y": -2.0217928886413574,
                "z": -2.651871681213379
            },
            "rotation": {
                "w": 1,
                "x": -1.52587890625e-05,
                "y": -1.52587890625e-05,
                "z": -1.52587890625e-05
            },
            "scriptTimestamp": 1485288066226,
            "serverScripts": "https://virtualrealityrental.eu/hifi/whiteboard/whiteboardManagerServer.js",
            "shapeType": "compound",
            "type": "Model",
            "userData": "{\"grabbableKey\":{\"grabbable\":false}}"
        },
        {
            "clientOnly": 0,
            "created": "2018-02-12T16:34:20Z",
            "dimensions": {
                "x": 0.026998352259397507,
                "y": 0.027196664363145828,
                "z": 0.16409066319465637
            },
            "gravity": {
                "x": 0,
                "y": -5,
                "z": 0
            },
            "id": "{be3f4579-2904-4646-a0c4-550f15a4d857}",
            "lastEdited": 1518453374811041,
            "lastEditedBy": "{402bed0e-b516-4889-b444-056e3d4cb813}",
            "modelURL": "https://virtualrealityrental.eu/hifi/whiteboard/models/marker-blue.fbx",
            "name": "hifi_model_marker_blue",
            "owningAvatarID": "{00000000-0000-0000-0000-000000000000}",
            "parentID": "{f39c0d57-847f-4311-b52f-61c6d7c8af91}",
            "position": {
                "x": -1.3775761127471924,
                "y": -0.06,
                "z": 0.032
            },
            "queryAACube": {
                "scale": 0.16850613057613373,
                "x": -1.4665188789367676,
                "y": 0.037151485681533813,
                "z": -0.05240612477064133
            },
            "rotation": {
                "w": 0.7040665149688721,
                "x": -0.7101091146469116,
                "y": -1.52587890625e-05,
                "z": 1.52587890625e-05
            },
            "script": "https://virtualrealityrental.eu/hifi/whiteboard/markerEntityScript.js",
            "scriptTimestamp": 1488330574327,
            "shapeType": "box",
            "type": "Model",
            "userData": "{\"grabbableKey\":{\"grabbable\":true,\"ignoreIK\":true},\"markerColor\":{\"red\":0,\"green\":13,\"blue\":255},\"equipHotspots\":[{\"position\":{\"x\":0,\"y\":0,\"z\":0},\"radius\":0.15,\"joints\":{\"RightHand\":[{\"x\":0.001,\"y\":0.139,\"z\":0.05},{\"x\":-0.0432,\"y\":0.7337,\"z\":0.6693,\"w\":-0.1085}],\"LeftHand\":[{\"x\":0.007,\"y\":0.151,\"z\":0.061},{\"x\":0.6313,\"y\":0.4172,\"z\":0.5253,\"w\":-0.3892}]}}]}"
        },
        {
            "clientOnly": 0,
            "created": "2018-02-12T16:34:20Z",
            "dimensions": {
                "x": 0.026998352259397507,
                "y": 0.027196664363145828,
                "z": 0.16409066319465637
            },
            "gravity": {
                "x": 0,
                "y": -5,
                "z": 0
            },
            "id": "{ca662512-7061-42ab-b708-58b7f75f5216}",
            "lastEdited": 1518453403679119,
            "lastEditedBy": "{402bed0e-b516-4889-b444-056e3d4cb813}",
            "modelURL": "https://virtualrealityrental.eu/hifi/whiteboard/models/marker-pink.fbx",
            "name": "hifi_model_marker_pink",
            "owningAvatarID": "{00000000-0000-0000-0000-000000000000}",
            "parentID": "{f39c0d57-847f-4311-b52f-61c6d7c8af91}",
            "position": {
                "x": -1.2860889434814453,
                "y": -0.06,
                "z": 0.032
            },
            "queryAACube": {
                "scale": 0.16850613057613373,
                "x": -1.4665188789367676,
                "y": 0.037151485681533813,
                "z": -0.05240612477064133
            },
            "rotation": {
                "w": 0.7041580677032471,
                "x": -0.7100175619125366,
                "y": 1.52587890625e-05,
                "z": -1.52587890625e-05
            },
            "script": "https://virtualrealityrental.eu/hifi/whiteboard/markerEntityScript.js",
            "scriptTimestamp": 1488330253046,
            "shapeType": "box",
            "type": "Model",
            "userData": "{\"grabbableKey\":{\"grabbable\":true,\"ignoreIK\":true},\"markerColor\":{\"red\":242,\"green\":0,\"blue\":255},\"equipHotspots\":[{\"position\":{\"x\":0,\"y\":0,\"z\":0},\"radius\":0.15,\"joints\":{\"RightHand\":[{\"x\":0.001,\"y\":0.139,\"z\":0.05},{\"x\":-0.0432,\"y\":0.7337,\"z\":0.6693,\"w\":-0.1085}],\"LeftHand\":[{\"x\":0.007,\"y\":0.151,\"z\":0.061},{\"x\":0.6313,\"y\":0.4172,\"z\":0.5253,\"w\":-0.3892}]}}]}"
        },
        {
            "clientOnly": 0,
            "created": "2018-02-12T16:34:20Z",
            "dimensions": {
                "x": 0.08579999953508377,
                "y": 0.03929999843239784,
                "z": 0.20829999446868896
            },
            "gravity": {
                "x": 0,
                "y": -10,
                "z": 0
            },
            "id": "{23a67431-8d8a-48e1-84ef-0c16e2123112}",
            "lastEdited": 1518453542167453,
            "lastEditedBy": "{402bed0e-b516-4889-b444-056e3d4cb813}",
            "modelURL": "https://virtualrealityrental.eu/hifi/whiteboard/models/eraser-2.fbx",
            "name": "hifi_model_whiteboardEraser",
            "owningAvatarID": "{00000000-0000-0000-0000-000000000000}",
            "parentID": "{f39c0d57-847f-4311-b52f-61c6d7c8af91}",
            "position": {
                "x": 1.3247723579406738,
                "y": -0.12,
                "z": 0.027789408341050148
            },
            "queryAACube": {
                "scale": 0.2286810427904129,
                "x": 1.2104346752166748,
                "y": 0.007074818015098572,
                "z": -0.08651439100503922
            },
            "rotation": {
                "w": 0.7052261829376221,
                "x": -0.7090104818344116,
                "y": -1.52587890625e-05,
                "z": -1.52587890625e-05
            },
            "script": "https://virtualrealityrental.eu/hifi/whiteboard/eraserEntityScript.js",
            "scriptTimestamp": 1488325472070,
            "shapeType": "box",
            "type": "Model",
            "userData": "{\"grabbableKey\":{\"grabbable\":true,\"ignoreIK\":true},\"equipHotspots\":[{\"position\":{\"x\":0,\"y\":0,\"z\":0},\"radius\":0.15,\"joints\":{\"RightHand\":[{\"x\":0.02,\"y\":0.12,\"z\":0.049},{\"x\":0.1004,\"y\":0.6424,\"z\":0.717,\"w\":0.25}],\"LeftHand\":[{\"x\":-0.005,\"y\":0.1101,\"z\":0.053},{\"x\":0.723,\"y\":0.289,\"z\":0.142,\"w\":0.61}]}}]}"
        },
        {
            "clientOnly": 0,
            "created": "2018-02-12T16:34:20Z",
            "dimensions": {
                "x": 0.026998352259397507,
                "y": 0.027196664363145828,
                "z": 0.16409066319465637
            },
            "gravity": {
                "x": 0,
                "y": -5,
                "z": 0
            },
            "id": "{8f49e64a-3020-4757-ac4a-b9a88df71e11}",
            "lastEdited": 1518453444581330,
            "lastEditedBy": "{402bed0e-b516-4889-b444-056e3d4cb813}",
            "modelURL": "https://virtualrealityrental.eu/hifi/whiteboard/models/marker-black.fbx",
            "name": "hifi_model_marker_black",
            "owningAvatarID": "{00000000-0000-0000-0000-000000000000}",
            "parentID": "{f39c0d57-847f-4311-b52f-61c6d7c8af91}",
            "position": {
                "x": -1.3791937828063965,
                "y": 0.1447624325752258,
                "z": 0.032
            },
            "queryAACube": {
                "scale": 0.16850613057613373,
                "x": -1.4665188789367676,
                "y": 0.037151485681533813,
                "z": -0.05240612477064133
            },
            "rotation": {
                "w": 0.7045242786407471,
                "x": -0.7096513509750366,
                "y": 1.52587890625e-05,
                "z": 1.52587890625e-05
            },
            "script": "https://virtualrealityrental.eu/hifi/whiteboard/markerEntityScript.js",
            "scriptTimestamp": 1488330622567,
            "shapeType": "box",
            "type": "Model",
            "userData": "{\"grabbableKey\":{\"grabbable\":true,\"ignoreIK\":true},\"markerColor\":{\"red\":0,\"green\":0,\"blue\":0},\"equipHotspots\":[{\"position\":{\"x\":0,\"y\":0,\"z\":0},\"radius\":0.15,\"joints\":{\"RightHand\":[{\"x\":0.001,\"y\":0.139,\"z\":0.05},{\"x\":-0.0432,\"y\":0.7337,\"z\":0.6693,\"w\":-0.1085}],\"LeftHand\":[{\"x\":0.007,\"y\":0.151,\"z\":0.061},{\"x\":0.6313,\"y\":0.4172,\"z\":0.5253,\"w\":-0.3892}]}}]}"
        },
        {
            "animation": {
                "currentFrame": 91.60862731933594,
                "firstFrame": 1,
                "hold": 1,
                "loop": 0
            },
            "clientOnly": 0,
            "created": "2018-02-12T16:21:13Z",
            "dimensions": {
                "x": 0.03150000050663948,
                "y": 0.2669999897480011,
                "z": 0.11389999836683273
            },
            "id": "{57851cef-671d-4614-882a-783b30cdf6a5}",
            "lastEdited": 1518453214184120,
            "lastEditedBy": "{402bed0e-b516-4889-b444-056e3d4cb813}",
            "modelURL": "https://virtualrealityrental.eu/hifi/whiteboard/models/resetButton.fbx",
            "name": "Whiteboard - Reset Button",
            "owningAvatarID": "{00000000-0000-0000-0000-000000000000}",
            "parentID": "{f39c0d57-847f-4311-b52f-61c6d7c8af91}",
            "position": {
                "x": 1.6386796312332153,
                "y": 0.5165382027626038,
                "z": 0.003738468512892723
            },
            "queryAACube": {
                "scale": 0.2919836640357971,
                "x": 1.4597034454345703,
                "y": 0.3704974949359894,
                "z": -0.1422201246023178
            },
            "rotation": {
                "w": -0.7097429037094116,
                "x": 4.57763671875e-05,
                "y": 0.7044327259063721,
                "z": 1.52587890625e-05
            },
            "script": "https://virtualrealityrental.eu/hifi/whiteboard/resetWhiteBoard.js",
            "shapeType": "box",
            "type": "Model",
            "userData": "{\"grabbableKey\":{\"grabbable\":false,\"wantsTrigger\":true}}"
        },
        {
            "clientOnly": 0,
            "created": "2018-02-12T16:34:20Z",
            "dimensions": {
                "x": 0.026998363435268402,
                "y": 0.027196664363145828,
                "z": 0.16409066319465637
            },
            "gravity": {
                "x": 0,
                "y": -5,
                "z": 0
            },
            "id": "{56c3cec3-a6f3-4494-bc77-b09a0aa11f2b}",
            "lastEdited": 1518453416219310,
            "lastEditedBy": "{402bed0e-b516-4889-b444-056e3d4cb813}",
            "modelURL": "https://virtualrealityrental.eu/hifi/whiteboard/models/marker-green.fbx",
            "name": "hifi_model_marker_green",
            "owningAvatarID": "{00000000-0000-0000-0000-000000000000}",
            "parentID": "{f39c0d57-847f-4311-b52f-61c6d7c8af91}",
            "position": {
                "x": -1.2919158935546875,
                "y": -0.27,
                "z": 0.032
            },
            "queryAACube": {
                "scale": 0.16850613057613373,
                "x": -1.4665188789367676,
                "y": 0.037151485681533813,
                "z": -0.05240612477064133
            },
            "rotation": {
                "w": 0.7057754993438721,
                "x": -0.7084611654281616,
                "y": 1.52587890625e-05,
                "z": 1.52587890625e-05
            },
            "script": "https://virtualrealityrental.eu/hifi/whiteboard/markerEntityScript.js",
            "scriptTimestamp": 1488330262511,
            "shapeType": "box",
            "type": "Model",
            "userData": "{\"grabbableKey\":{\"grabbable\":true,\"ignoreIK\":true},\"markerColor\":{\"red\":0,\"green\":190,\"blue\":90},\"equipHotspots\":[{\"position\":{\"x\":0,\"y\":0,\"z\":0},\"radius\":0.15,\"joints\":{\"RightHand\":[{\"x\":0.001,\"y\":0.139,\"z\":0.05},{\"x\":-0.0432,\"y\":0.7337,\"z\":0.6693,\"w\":-0.1085}],\"LeftHand\":[{\"x\":0.007,\"y\":0.151,\"z\":0.061},{\"x\":0.6313,\"y\":0.4172,\"z\":0.5253,\"w\":-0.3892}]}}]}"
        },
        {
            "clientOnly": 0,
            "created": "2018-02-12T16:34:20Z",
            "dimensions": {
                "x": 0.026998352259397507,
                "y": 0.027196664363145828,
                "z": 0.16409066319465637
            },
            "gravity": {
                "x": 0,
                "y": -5,
                "z": 0
            },
            "id": "{dfbc0ee4-9c21-4fef-bc8a-b4aee1c7eee7}",
            "lastEdited": 1518453518052231,
            "lastEditedBy": "{402bed0e-b516-4889-b444-056e3d4cb813}",
            "modelURL": "https://virtualrealityrental.eu/hifi/whiteboard/models/marker-yellow.fbx",
            "name": "hifi_model_marker_yellow",
            "owningAvatarID": "{00000000-0000-0000-0000-000000000000}",
            "parentID": "{f39c0d57-847f-4311-b52f-61c6d7c8af91}",
            "position": {
                "x": -1.2854188680648804,
                "y": 0.1447683930397034,
                "z": 0.032
            },
            "queryAACube": {
                "scale": 0.16850613057613373,
                "x": -1.4665188789367676,
                "y": 0.037151485681533813,
                "z": -0.05240612477064133
            },
            "rotation": {
                "w": 0.7036087512969971,
                "x": -0.7105668783187866,
                "y": 1.52587890625e-05,
                "z": -1.52587890625e-05
            },
            "script": "https://virtualrealityrental.eu/hifi/whiteboard/markerEntityScript.js",
            "scriptTimestamp": 1488330528456,
            "shapeType": "box",
            "type": "Model",
            "userData": "{\"grabbableKey\":{\"grabbable\":true,\"ignoreIK\":true},\"markerColor\":{\"red\":255,\"green\":195,\"blue\":0},\"equipHotspots\":[{\"position\":{\"x\":0,\"y\":0,\"z\":0},\"radius\":0.15,\"joints\":{\"RightHand\":[{\"x\":0.001,\"y\":0.139,\"z\":0.05},{\"x\":-0.0432,\"y\":0.7337,\"z\":0.6693,\"w\":-0.1085}],\"LeftHand\":[{\"x\":0.007,\"y\":0.151,\"z\":0.061},{\"x\":0.6313,\"y\":0.4172,\"z\":0.5253,\"w\":-0.3892}]}}]}"
        },
        {
            "clientOnly": 0,
            "created": "2018-02-12T16:34:20Z",
            "dimensions": {
                "x": 0.026998363435268402,
                "y": 0.027196664363145828,
                "z": 0.16409066319465637
            },
            "gravity": {
                "x": 0,
                "y": -5,
                "z": 0
            },
            "id": "{e4953ed8-e52a-4425-bea3-2926a82e82f1}",
            "lastEdited": 1518453412163406,
            "lastEditedBy": "{402bed0e-b516-4889-b444-056e3d4cb813}",
            "modelURL": "https://virtualrealityrental.eu/hifi/whiteboard/models/marker-red.fbx",
            "name": "hifi_model_marker_red",
            "owningAvatarID": "{00000000-0000-0000-0000-000000000000}",
            "parentID": "{f39c0d57-847f-4311-b52f-61c6d7c8af91}",
            "position": {
                "x": -1.3822685480117798,
                "y": -0.27,
                "z": 0.032
            },
            "queryAACube": {
                "scale": 0.16850613057613373,
                "x": -1.4665188789367676,
                "y": 0.037151485681533813,
                "z": -0.05240612477064133
            },
            "rotation": {
                "w": 0.7048599720001221,
                "x": -0.7093766927719116,
                "y": 1.52587890625e-05,
                "z": 1.52587890625e-05
            },
            "script": "https://virtualrealityrental.eu/hifi/whiteboard/markerEntityScript.js",
            "scriptTimestamp": 1488330246504,
            "shapeType": "box",
            "type": "Model",
            "userData": "{\"grabbableKey\":{\"grabbable\":true,\"ignoreIK\":true},\"markerColor\":{\"red\":255,\"green\":0,\"blue\":0},\"equipHotspots\":[{\"position\":{\"x\":0,\"y\":0,\"z\":0},\"radius\":0.15,\"joints\":{\"RightHand\":[{\"x\":0.001,\"y\":0.139,\"z\":0.05},{\"x\":-0.0432,\"y\":0.7337,\"z\":0.6693,\"w\":-0.1085}],\"LeftHand\":[{\"x\":0.007,\"y\":0.151,\"z\":0.061},{\"x\":0.6313,\"y\":0.4172,\"z\":0.5253,\"w\":-0.3892}]}}]}"
        },
        {
            "clientOnly": 0,
            "color": {
                "blue": 0,
                "green": 0,
                "red": 255
            },
            "created": "2018-02-12T16:21:13Z",
            "dimensions": {
                "x": 3,
                "y": 1.5,
                "z": 0.016
            },
            "id": "{7ebf97fb-a058-43dd-9994-6854341ae1d8}",
            "lastEdited": 1518453220791800,
            "lastEditedBy": "{402bed0e-b516-4889-b444-056e3d4cb813}",
            "name": "Whiteboard - Drawing Surface",
            "owningAvatarID": "{00000000-0000-0000-0000-000000000000}",
            "parentID": "{f39c0d57-847f-4311-b52f-61c6d7c8af91}",
            "position": {
                "x": 0.0035782684572041035,
                "y": 0.3738,
                "z": 0.00
            },
            "queryAACube": {
                "scale": 3.294948101043701,
                "x": -1.6438835859298706,
                "y": -1.2337493896484375,
                "z": -1.6333976984024048
            },
            "rotation": {
                "w": -1.52587890625e-05,
                "x": -1.52587890625e-05,
                "y": -1,
                "z": -1.52587890625e-05
            },
            "shape": "Cube",
            "type": "Box",
            "visible": 0
        }
    ],
    "Version": 84
}